subreddit,max_timestamp
homophobes,1567293792
pickup,1672522939
the_donald,1586637749
nomorals,1519694545
timpool,1696118398
smuggies,1588276042
mefetishism,1672531006
race,1588096262
yeagerbomb,1664632655
gendercriticalguys,1588255714
hatecrimehoaxes,1593449473
askseddit,1651878073
antipozi,1524602198
nametheproblem,1672421115
radical_feminists,1605697784
incels,1509677084
darkenlightenment,1651925911
ask_radical_feminists,1588276366
offensivememes,1567288308
sodaniggas,1556089662
shhhhheeeeeeeeiiiitt,1437671463
heckoffcommie,1656695297
thenewright,1593449530
rightwinglgbt,1593449622
assignedmale,1592783644
asiansissification,1672529981
coontown,1437686745
nazi,1506814680
mr_trump,1480863452
thereareonly2genders,1567242434
moretankiechapo,1588288966
amberlynn,1568006005
pussypassdenied,1696116842
kotakuinaction2,1643576578
fpua,1672191574
tardtales,1544365689
edgymemes,1666217105
waterniggas,1555624414
kekistan,1670760328
fascismreclaimed,1696117207
trolling,1586555524
aganistgaymarriage,1535762339
cringeanarchy,1556226446
ferguson,1575655282
truerateme,1696118389
cutefemalecorpses,1437686357
askthe_donald,1696118022
seduction,1670858563
lgbdropthet,1588267917
darkhumorandmemes,1587738226
hitler,1509152429
opieandanthony,1555711033
mensrights,1651834216
yallcantbehave,1576861300
antifa,1544250296
offensivememe,1556313836
consumeproduct,1588290910
intactivists,1652697582
drama,1696075206
braincels,1569866776
askanincel,1570530145
sham_sharma_show,1696112689
legoyoda,1567295791
kotakuinaction,1651391992
nationalsocialism,1506815253
wojak,1588291115
foreveralonedating,1672530636
imgoingtohellforthis,1584526725
truelesbians,1588289610
theredpill,1635985804
marriedredpill,1672465838
greatawakening,1534692843
foreverunwanted,1650496240
tgandsissyrecovery,1672529198
opienanthony,1558515257
mgtow,1628006626
clown__world,1564335381
candidfashionpolice,1447793536
socialjusticeinaction,1654167716
bannedfromme_irl,1454277121
dolan,1647973925
4chan,1696118398
wpdtalk,1547612820
whiterights,1517338951
ccj2,1593448912
edgy,1671169530
new_right,1589896972
weekendgunnit,1595532694
gendercynicalcritical,1588289003
hbd,1588172264
europeannationalism,1506809515
itsafetish,1588290700
niggawhat,1567273723
masculism,1661987581
edgydarkdankmemes,1577825679
altright,1484203941
debatefascism,1544655960
thecalmbeforethestorm,1532052180
incelselfies,1567294110
trayvonmartin,1437079465
foreveralone,1652816445
me_ira,1556518389
darkhumor,1519852886
trufemcels,1610657014
gavinmcinnes,1583697168
watchredditdie,1672502378
gamersriseup,1574340232
delraymisfits,1569863908
incel,1491004476
honkler,1562015806
shortcels,1576103832
whitebeauty,1588240275
askagp,1672530369
louderwithcrowder,1681232779
redpillwives,1672529753
subforwhitepeopleonly,1567293256
actualwomen,1588181857
uncensorednews,1519862399
trollgc,1593772629
shitpoliticssays,1696117966
darkjokecentral,1588288227
asktrp,1651614353
mdememes,1544606970
teaniggas,1575262903
becomeaman,1671817430
fuckyou,1649268013
jerktalkdiamond,1548915748
watchpeopledie,1538074666
metacanada,1695605851
imgoingtohellforthis2,1588288463
redpillwomen,1652971943
sjwhate,1536873835
debatealtright,1593449476
incelswithouthate,1603650743
pol,1506814787
holocaust,1567287487
infowars,1519855348
chodi,1645240788
tumblrinaction,1654167810
chapotraphouse,1588290768
aznidentity,1696117858
milliondollarextreme,1536609421
european,1459468767
justbewhite,1567293226
clownworldwar,1561454854
the_europe,1574035335
gcdebatesqt,1588290305
frenworld,1561050668
cbts_stream,1519862396
greatapes,1523935718
8chan,1517366437
blackpillscience,1651253328
fatpeoplehate,1433155808
terfisaslur,1588194680
emmaglover,1581884318
wingsofredemption,1567295466
gender_critical,1588175532
anarchy,1652305236
gendercritical,1593449582
timdillon,1696114907
egalitarianism,1652686884
physical_removal,1501545555
israelexposed,1696118397
billionshekelsupreme,1536632071
shitneoconssay,1588289441
pussypass,1651458486
opieandanthonyxyz,1565814438
conspiracy,1672531192
